"first_attribution_channel","total_searches","searches_with_click","successful_reservations","search_to_click_rate","click_to_reservation_rate","overall_conversion_rate"
"direct",24913,11877,2839,47.67391,23.90334,11.39566
"facebook",9913,4820,1183,48.62302,24.54357,11.93382
"google",18547,8785,2107,47.36615,23.98406,11.36033
"google ads",35037,16531,3937,47.18155,23.81586,11.23669
"google maps",6611,3175,797,48.02602,25.10236,12.05566
"reddit",4979,2327,511,46.73629,21.95960,10.26311
